{
  "image": {
    "width": 1676,
    "height": 1148,
    "px_per_meter": 34.41
  },
  "road_contour_px": [
    [
      0.0,
      52.9375
    ],
    [
      60.5625,
      153.75
    ],
    [
      282.625,
      362.0625
    ],
    [
      544.875,
      608.5
    ],
    [
      645.125,
      777.4375
    ],
    [
      615.15625,
      882.65625
    ],
    [
      507.9375,
      947.125
    ],
    [
      353.65625,
      955.75
    ],
    [
      202.625,
      883.375
    ],
    [
      80.71875,
      821.125
    ],
    [
      31.0625,
      920.875
    ],
    [
      80.9375,
      1071.71875
    ],
    [
      275.8125,
      1088.8125
    ],
    [
      504.21875,
      1044.71875
    ],
    [
      580.375,
      1060.375
    ],
    [
      585.9375,
      1105.96875
    ],
    [
      657.0,
      1131.8125
    ],
    [
      753.53125,
      1124.125
    ],
    [
      808.8125,
      1059.9375
    ],
    [
      857.71875,
      985.75
    ],
    [
      958.375,
      979.0625
    ],
    [
      1050.03125,
      1019.0625
    ],
    [
      1031.4375,
      1071.0625
    ],
    [
      1010.40625,
      1120.25
    ],
    [
      1166.625,
      1141.9375
    ],
    [
      1329.28125,
      1091.3125
    ],
    [
      1213.6875,
      893.6875
    ],
    [
      981.9375,
      635.78125
    ],
    [
      904.1875,
      462.125
    ],
    [
      906.09375,
      338.3125
    ],
    [
      863.75,
      207.0
    ],
    [
      766.1875,
      91.4375
    ],
    [
      595.125,
      30.375
    ],
    [
      450.21875,
      31.96875
    ],
    [
      497.5625,
      109.8125
    ],
    [
      622.59375,
      213.84375
    ],
    [
      634.375,
      260.625
    ],
    [
      547.4375,
      243.96875
    ],
    [
      386.0,
      153.5625
    ],
    [
      202.75,
      42.65625
    ],
    [
      85.5,
      0.0
    ],
    [
      23.75,
      11.34375
    ]
  ],
  "crosswalks": [
    {
      "name": "upper",
      "roi": [
        430,
        170,
        740,
        520
      ],
      "stripes": [
        {
          "box": [
            [
              444.0,
              176.0
            ],
            [
              430.0,
              176.0
            ],
            [
              430.0,
              170.0
            ],
            [
              444.0,
              170.0
            ]
          ],
          "centroid": [
            437.0,
            173.0
          ],
          "size": [
            6.0,
            14.0
          ],
          "angle": -90.0
        },
        {
          "box": [
            [
              477.09014892578125,
              206.4104766845703
            ],
            [
              442.772216796875,
              187.19244384765625
            ],
            [
              452.62847900390625,
              169.5919647216797
            ],
            [
              486.9464111328125,
              188.8099822998047
            ]
          ],
          "centroid": [
            464.85931396484375,
            188.00121688842773
          ],
          "size": [
            20.172338485717773,
            39.33257293701172
          ],
          "angle": -60.75117492675781
        },
        {
          "box": [
            [
              590.3599853515625,
              189.48001098632812
            ],
            [
              585.0799560546875,
              182.44000244140625
            ],
            [
              589.4000244140625,
              179.20001220703125
            ],
            [
              594.6799926757812,
              186.24000549316406
            ]
          ],
          "centroid": [
            589.8799896240234,
            184.3400058746338
          ],
          "size": [
            5.400000095367432,
            8.800000190734863
          ],
          "angle": -36.869895935058594
        },
        {
          "box": [
            [
              443.0,
              329.0
            ],
            [
              430.0,
              329.0
            ],
            [
              430.0,
              266.0
            ],
            [
              443.0,
              266.0
            ]
          ],
          "centroid": [
            436.5,
            297.5
          ],
          "size": [
            63.0,
            13.0
          ],
          "angle": -90.0
        },
        {
          "box": [
            [
              452.760009765625,
              325.67999267578125
            ],
            [
              448.55999755859375,
              320.0799865722656
            ],
            [
              464.55999755859375,
              308.0799865722656
            ],
            [
              468.760009765625,
              313.67999267578125
            ]
          ],
          "centroid": [
            458.6599979400635,
            316.87998962402344
          ],
          "size": [
            20.0,
            7.0
          ],
          "angle": -36.86989974975586
        },
        {
          "box": [
            [
              440.0,
              358.0
            ],
            [
              430.0,
              358.0
            ],
            [
              430.0,
              342.0
            ],
            [
              440.0,
              342.0
            ]
          ],
          "centroid": [
            435.0,
            350.0
          ],
          "size": [
            16.0,
            10.0
          ],
          "angle": -90.0
        },
        {
          "box": [
            [
              524.9615478515625,
              352.19232177734375
            ],
            [
              521.3076782226562,
              351.4615478515625
            ],
            [
              522.923095703125,
              343.38458251953125
            ],
            [
              526.576904296875,
              344.1153564453125
            ]
          ],
          "centroid": [
            523.9423141479492,
            347.7884521484375
          ],
          "size": [
            8.236878395080566,
            3.7262067794799805
          ],
          "angle": -78.69007110595703
        },
        {
          "box": [
            [
              514.8235473632812,
              435.7059020996094
            ],
            [
              503.76470947265625,
              432.9411926269531
            ],
            [
              505.23529052734375,
              427.0588684082031
            ],
            [
              516.2941284179688,
              429.8235778808594
            ]
          ],
          "centroid": [
            510.0294189453125,
            431.38238525390625
          ],
          "size": [
            6.063390731811523,
            11.399173736572266
          ],
          "angle": -75.96375274658203
        },
        {
          "box": [
            [
              690.6000366210938,
              453.800048828125
            ],
            [
              672.2000122070312,
              444.60003662109375
            ],
            [
              677.4000244140625,
              434.20001220703125
            ],
            [
              695.800048828125,
              443.4000244140625
            ]
          ],
          "centroid": [
            684.0000305175781,
            444.0000305175781
          ],
          "size": [
            11.62755298614502,
            20.57182502746582
          ],
          "angle": -63.4349479675293
        },
        {
          "box": [
            [
              437.0,
              492.0
            ],
            [
              430.0,
              492.0
            ],
            [
              430.0,
              476.0
            ],
            [
              437.0,
              476.0
            ]
          ],
          "centroid": [
            433.5,
            484.0
          ],
          "size": [
            16.0,
            7.0
          ],